Model,Accuracy,Precision,Recall,F1-Score,AUC-ROC
XGBoost,0.9377197388247112,0.9261744966442953,0.7301587301587301,0.8165680473372781,0.9585067753077672
